{
  "multipart": [
    {
      "apply": {
        "model": "trainmurdermystery:block/culling_white_hull",
        "uvlock": true,
        "x": 90
      },
      "when": {
        "down": "true"
      }
    },
    {
      "apply": {
        "model": "trainmurdermystery:block/culling_white_hull_glass",
        "uvlock": true,
        "x": 90
      },
      "when": {
        "down": "false"
      }
    },
    {
      "apply": {
        "model": "trainmurdermystery:block/culling_white_hull",
        "uvlock": true,
        "x": 270
      },
      "when": {
        "up": "true"
      }
    },
    {
      "apply": {
        "model": "trainmurdermystery:block/culling_white_hull_glass",
        "uvlock": true,
        "x": 270
      },
      "when": {
        "up": "false"
      }
    },
    {
      "apply": {
        "model": "trainmurdermystery:block/culling_white_hull",
        "uvlock": true
      },
      "when": {
        "north": "true"
      }
    },
    {
      "apply": {
        "model": "trainmurdermystery:block/culling_white_hull_glass",
        "uvlock": true
      },
      "when": {
        "north": "false"
      }
    },
    {
      "apply": {
        "model": "trainmurdermystery:block/culling_white_hull",
        "uvlock": true,
        "y": 180
      },
      "when": {
        "south": "true"
      }
    },
    {
      "apply": {
        "model": "trainmurdermystery:block/culling_white_hull_glass",
        "uvlock": true,
        "y": 180
      },
      "when": {
        "south": "false"
      }
    },
    {
      "apply": {
        "model": "trainmurdermystery:block/culling_white_hull",
        "uvlock": true,
        "y": 270
      },
      "when": {
        "west": "true"
      }
    },
    {
      "apply": {
        "model": "trainmurdermystery:block/culling_white_hull_glass",
        "uvlock": true,
        "y": 270
      },
      "when": {
        "west": "false"
      }
    },
    {
      "apply": {
        "model": "trainmurdermystery:block/culling_white_hull",
        "uvlock": true,
        "y": 90
      },
      "when": {
        "east": "true"
      }
    },
    {
      "apply": {
        "model": "trainmurdermystery:block/culling_white_hull_glass",
        "uvlock": true,
        "y": 90
      },
      "when": {
        "east": "false"
      }
    }
  ]
}