{
  "variants": {
    "facing=down": {
      "model": "trainmurdermystery:block/golden_glass_panel",
      "x": 270
    },
    "facing=east": {
      "model": "trainmurdermystery:block/golden_glass_panel",
      "y": 270
    },
    "facing=north": {
      "model": "trainmurdermystery:block/golden_glass_panel",
      "y": 180
    },
    "facing=south": {
      "model": "trainmurdermystery:block/golden_glass_panel"
    },
    "facing=up": {
      "model": "trainmurdermystery:block/golden_glass_panel",
      "x": 90
    },
    "facing=west": {
      "model": "trainmurdermystery:block/golden_glass_panel",
      "y": 90
    }
  }
}