{
  "variants": {
    "face=ceiling,facing=east": {
      "model": "trainmurdermystery:block/gold_sprinkler",
      "x": 90,
      "y": 270
    },
    "face=ceiling,facing=north": {
      "model": "trainmurdermystery:block/gold_sprinkler",
      "x": 90,
      "y": 180
    },
    "face=ceiling,facing=south": {
      "model": "trainmurdermystery:block/gold_sprinkler",
      "x": 90
    },
    "face=ceiling,facing=west": {
      "model": "trainmurdermystery:block/gold_sprinkler",
      "x": 90,
      "y": 90
    },
    "face=floor,facing=east": {
      "model": "trainmurdermystery:block/gold_sprinkler",
      "x": 270,
      "y": 270
    },
    "face=floor,facing=north": {
      "model": "trainmurdermystery:block/gold_sprinkler",
      "x": 270,
      "y": 180
    },
    "face=floor,facing=south": {
      "model": "trainmurdermystery:block/gold_sprinkler",
      "x": 270
    },
    "face=floor,facing=west": {
      "model": "trainmurdermystery:block/gold_sprinkler",
      "x": 270,
      "y": 90
    },
    "face=wall,facing=east": {
      "model": "trainmurdermystery:block/gold_sprinkler",
      "y": 90
    },
    "face=wall,facing=north": {
      "model": "trainmurdermystery:block/gold_sprinkler"
    },
    "face=wall,facing=south": {
      "model": "trainmurdermystery:block/gold_sprinkler",
      "y": 180
    },
    "face=wall,facing=west": {
      "model": "trainmurdermystery:block/gold_sprinkler",
      "y": 270
    }
  }
}