{
  "variants": {
    "arms=left,facing=east": {
      "model": "trainmurdermystery:block/green_lounge_couch_left",
      "y": 90
    },
    "arms=left,facing=north": {
      "model": "trainmurdermystery:block/green_lounge_couch_left"
    },
    "arms=left,facing=south": {
      "model": "trainmurdermystery:block/green_lounge_couch_left",
      "y": 180
    },
    "arms=left,facing=west": {
      "model": "trainmurdermystery:block/green_lounge_couch_left",
      "y": 270
    },
    "arms=no_arms,facing=east": {
      "model": "trainmurdermystery:block/green_lounge_couch_no_arms",
      "y": 90
    },
    "arms=no_arms,facing=north": {
      "model": "trainmurdermystery:block/green_lounge_couch_no_arms"
    },
    "arms=no_arms,facing=south": {
      "model": "trainmurdermystery:block/green_lounge_couch_no_arms",
      "y": 180
    },
    "arms=no_arms,facing=west": {
      "model": "trainmurdermystery:block/green_lounge_couch_no_arms",
      "y": 270
    },
    "arms=right,facing=east": {
      "model": "trainmurdermystery:block/green_lounge_couch_right",
      "y": 90
    },
    "arms=right,facing=north": {
      "model": "trainmurdermystery:block/green_lounge_couch_right"
    },
    "arms=right,facing=south": {
      "model": "trainmurdermystery:block/green_lounge_couch_right",
      "y": 180
    },
    "arms=right,facing=west": {
      "model": "trainmurdermystery:block/green_lounge_couch_right",
      "y": 270
    },
    "arms=single,facing=east": {
      "model": "trainmurdermystery:block/green_lounge_couch_single",
      "y": 90
    },
    "arms=single,facing=north": {
      "model": "trainmurdermystery:block/green_lounge_couch_single"
    },
    "arms=single,facing=south": {
      "model": "trainmurdermystery:block/green_lounge_couch_single",
      "y": 180
    },
    "arms=single,facing=west": {
      "model": "trainmurdermystery:block/green_lounge_couch_single",
      "y": 270
    }
  }
}