{
  "variants": {
    "facing=east,open=false": {
      "model": "trainmurdermystery:block/mahogany_cabinet",
      "y": 90
    },
    "facing=east,open=true": {
      "model": "trainmurdermystery:block/mahogany_cabinet_open",
      "y": 90
    },
    "facing=north,open=false": {
      "model": "trainmurdermystery:block/mahogany_cabinet"
    },
    "facing=north,open=true": {
      "model": "trainmurdermystery:block/mahogany_cabinet_open"
    },
    "facing=south,open=false": {
      "model": "trainmurdermystery:block/mahogany_cabinet",
      "y": 180
    },
    "facing=south,open=true": {
      "model": "trainmurdermystery:block/mahogany_cabinet_open",
      "y": 180
    },
    "facing=west,open=false": {
      "model": "trainmurdermystery:block/mahogany_cabinet",
      "y": 270
    },
    "facing=west,open=true": {
      "model": "trainmurdermystery:block/mahogany_cabinet_open",
      "y": 270
    }
  }
}