{
  "multipart": [
    {
      "apply": {
        "model": "trainmurdermystery:block/maroon_steel_tiles_panel"
      },
      "when": {
        "north": "true"
      }
    },
    {
      "apply": {
        "model": "trainmurdermystery:block/maroon_steel_tiles_panel"
      },
      "when": {
        "down": "false",
        "east": "false",
        "north": "false",
        "south": "false",
        "up": "false",
        "west": "false"
      }
    },
    {
      "apply": {
        "model": "trainmurdermystery:block/maroon_steel_tiles_panel",
        "uvlock": true,
        "y": 90
      },
      "when": {
        "east": "true"
      }
    },
    {
      "apply": {
        "model": "trainmurdermystery:block/maroon_steel_tiles_panel",
        "uvlock": true,
        "y": 90
      },
      "when": {
        "down": "false",
        "east": "false",
        "north": "false",
        "south": "false",
        "up": "false",
        "west": "false"
      }
    },
    {
      "apply": {
        "model": "trainmurdermystery:block/maroon_steel_tiles_panel",
        "uvlock": true,
        "y": 180
      },
      "when": {
        "south": "true"
      }
    },
    {
      "apply": {
        "model": "trainmurdermystery:block/maroon_steel_tiles_panel",
        "uvlock": true,
        "y": 180
      },
      "when": {
        "down": "false",
        "east": "false",
        "north": "false",
        "south": "false",
        "up": "false",
        "west": "false"
      }
    },
    {
      "apply": {
        "model": "trainmurdermystery:block/maroon_steel_tiles_panel",
        "uvlock": true,
        "y": 270
      },
      "when": {
        "west": "true"
      }
    },
    {
      "apply": {
        "model": "trainmurdermystery:block/maroon_steel_tiles_panel",
        "uvlock": true,
        "y": 270
      },
      "when": {
        "down": "false",
        "east": "false",
        "north": "false",
        "south": "false",
        "up": "false",
        "west": "false"
      }
    },
    {
      "apply": {
        "model": "trainmurdermystery:block/maroon_steel_tiles_panel",
        "uvlock": true,
        "x": 270
      },
      "when": {
        "up": "true"
      }
    },
    {
      "apply": {
        "model": "trainmurdermystery:block/maroon_steel_tiles_panel",
        "uvlock": true,
        "x": 270
      },
      "when": {
        "down": "false",
        "east": "false",
        "north": "false",
        "south": "false",
        "up": "false",
        "west": "false"
      }
    },
    {
      "apply": {
        "model": "trainmurdermystery:block/maroon_steel_tiles_panel",
        "uvlock": true,
        "x": 90
      },
      "when": {
        "down": "true"
      }
    },
    {
      "apply": {
        "model": "trainmurdermystery:block/maroon_steel_tiles_panel",
        "uvlock": true,
        "x": 90
      },
      "when": {
        "down": "false",
        "east": "false",
        "north": "false",
        "south": "false",
        "up": "false",
        "west": "false"
      }
    }
  ]
}