{
  "variants": {
    "active=false,axis=x,lit=false": {
      "model": "trainmurdermystery:block/neon_pillar_unlit_horizontal",
      "x": 90,
      "y": 90
    },
    "active=false,axis=x,lit=true": {
      "model": "trainmurdermystery:block/neon_pillar_unlit_horizontal",
      "x": 90,
      "y": 90
    },
    "active=false,axis=y,lit=false": {
      "model": "trainmurdermystery:block/neon_pillar_unlit"
    },
    "active=false,axis=y,lit=true": {
      "model": "trainmurdermystery:block/neon_pillar_unlit"
    },
    "active=false,axis=z,lit=false": {
      "model": "trainmurdermystery:block/neon_pillar_unlit_horizontal",
      "x": 90
    },
    "active=false,axis=z,lit=true": {
      "model": "trainmurdermystery:block/neon_pillar_unlit_horizontal",
      "x": 90
    },
    "active=true,axis=x,lit=false": {
      "model": "trainmurdermystery:block/neon_pillar_unlit_horizontal",
      "x": 90,
      "y": 90
    },
    "active=true,axis=x,lit=true": {
      "model": "trainmurdermystery:block/neon_pillar_lit_horizontal",
      "x": 90,
      "y": 90
    },
    "active=true,axis=y,lit=false": {
      "model": "trainmurdermystery:block/neon_pillar_unlit"
    },
    "active=true,axis=y,lit=true": {
      "model": "trainmurdermystery:block/neon_pillar_lit"
    },
    "active=true,axis=z,lit=false": {
      "model": "trainmurdermystery:block/neon_pillar_unlit_horizontal",
      "x": 90
    },
    "active=true,axis=z,lit=true": {
      "model": "trainmurdermystery:block/neon_pillar_lit_horizontal",
      "x": 90
    }
  }
}