{
  "variants": {
    "active=false,facing=down,lit=false": {
      "model": "trainmurdermystery:block/trimmed_lantern_ceiling_unlit"
    },
    "active=false,facing=down,lit=true": {
      "model": "trainmurdermystery:block/trimmed_lantern_ceiling_unlit"
    },
    "active=false,facing=east,lit=false": {
      "model": "trainmurdermystery:block/trimmed_lantern_wall_unlit",
      "y": 90
    },
    "active=false,facing=east,lit=true": {
      "model": "trainmurdermystery:block/trimmed_lantern_wall_unlit",
      "y": 90
    },
    "active=false,facing=north,lit=false": {
      "model": "trainmurdermystery:block/trimmed_lantern_wall_unlit"
    },
    "active=false,facing=north,lit=true": {
      "model": "trainmurdermystery:block/trimmed_lantern_wall_unlit"
    },
    "active=false,facing=south,lit=false": {
      "model": "trainmurdermystery:block/trimmed_lantern_wall_unlit",
      "y": 180
    },
    "active=false,facing=south,lit=true": {
      "model": "trainmurdermystery:block/trimmed_lantern_wall_unlit",
      "y": 180
    },
    "active=false,facing=up,lit=false": {
      "model": "trainmurdermystery:block/trimmed_lantern_floor_unlit"
    },
    "active=false,facing=up,lit=true": {
      "model": "trainmurdermystery:block/trimmed_lantern_floor_unlit"
    },
    "active=false,facing=west,lit=false": {
      "model": "trainmurdermystery:block/trimmed_lantern_wall_unlit",
      "y": 270
    },
    "active=false,facing=west,lit=true": {
      "model": "trainmurdermystery:block/trimmed_lantern_wall_unlit",
      "y": 270
    },
    "active=true,facing=down,lit=false": {
      "model": "trainmurdermystery:block/trimmed_lantern_ceiling_unlit"
    },
    "active=true,facing=down,lit=true": {
      "model": "trainmurdermystery:block/trimmed_lantern_ceiling_lit"
    },
    "active=true,facing=east,lit=false": {
      "model": "trainmurdermystery:block/trimmed_lantern_wall_unlit",
      "y": 90
    },
    "active=true,facing=east,lit=true": {
      "model": "trainmurdermystery:block/trimmed_lantern_wall_lit",
      "y": 90
    },
    "active=true,facing=north,lit=false": {
      "model": "trainmurdermystery:block/trimmed_lantern_wall_unlit"
    },
    "active=true,facing=north,lit=true": {
      "model": "trainmurdermystery:block/trimmed_lantern_wall_lit"
    },
    "active=true,facing=south,lit=false": {
      "model": "trainmurdermystery:block/trimmed_lantern_wall_unlit",
      "y": 180
    },
    "active=true,facing=south,lit=true": {
      "model": "trainmurdermystery:block/trimmed_lantern_wall_lit",
      "y": 180
    },
    "active=true,facing=up,lit=false": {
      "model": "trainmurdermystery:block/trimmed_lantern_floor_unlit"
    },
    "active=true,facing=up,lit=true": {
      "model": "trainmurdermystery:block/trimmed_lantern_floor_lit"
    },
    "active=true,facing=west,lit=false": {
      "model": "trainmurdermystery:block/trimmed_lantern_wall_unlit",
      "y": 270
    },
    "active=true,facing=west,lit=true": {
      "model": "trainmurdermystery:block/trimmed_lantern_wall_lit",
      "y": 270
    }
  }
}